{"temp":"absolute","bg":95,"tick":-1,"eventualBG":95,"snoozeBG":95,"predBGs":{"IOB":[95,93,91,89,87,86,85,85,85,85,86,87,89,90,92,94,96,98,100,102,104,107,109,111,112,114,116,117,118,119,120,121,122,122,123,123,123,124]},"COB":0,"IOB":-0.197,"reason":"COB: 0, Dev: -18, BGI: 0.59, ISF: 90, Target: 100; Eventual BG 95 < 100, 29m@-0.750 = -0.362 < req -0.1111111111111111-0.22499999999999998","duration":30,"rate":0.525}
