{"temp":"absolute","bg":89,"tick":"+1","eventualBG":95,"snoozeBG":95,"predBGs":{"IOB":[89,88,88,87,87,87,87,88,88,90,91,92,94,96,98,99,101,103,105,107,109,110,112,114,115,116,117,119,120,121,121,122,123,123,123,124]},"COB":0,"IOB":-0.191,"reason":"COB: 0, Dev: -11, BGI: 0.9, ISF: 90, Target: 100; Eventual BG 95 < 100, 27m@-0.825 = -0.371 < req -0.1111111111111111-0.24749999999999997","duration":30,"rate":0.6}
