{"temp":"absolute","bg":75,"tick":"+1","eventualBG":96,"snoozeBG":96,"predBGs":{"IOB":[75,75,75,76,77,78,79,81,82,85,87,90,93,96,98,101,104,106,109,111,113,115,117,119,120,122,123,124,125,126,127,127,128,129,129,129,130]},"COB":0,"IOB":-0.5,"reason":"COB: 0, Dev: -27, BGI: 4.28, ISF: 95, Target: 100; Eventual BG 96 < 100, 27m@-0.750 = -0.338 < req -0.08421052631578947-0.22499999999999998","duration":30,"rate":0.575}
