{"temp":"absolute","bg":114,"tick":0,"eventualBG":95,"snoozeBG":95,"predBGs":{"IOB":[114,112,110,108,107,105,104,103,102,101,101,101,101,101,102,103,104,105,106,107,109,110,111,112,114,115,116,117,118,119,120,120,121,121,122,122,123]},"COB":0,"IOB":0.132,"reason":"COB: 0, Dev: -6, BGI: -0.95, ISF: 95, Target: 100; Eventual BG 95 < 100, 28m@-0.750 = -0.350 < req -0.10526315789473684-0.22499999999999998","duration":30,"rate":0.55}
