{"temp":"absolute","bg":76,"tick":"+3","eventualBG":96,"snoozeBG":96,"predBGs":{"IOB":[76,76,77,78,79,80,81,83,84,86,89,91,94,96,99,101,104,106,109,111,113,115,116,118,120,121,122,123,125,125,126,127,128,128,129]},"COB":0,"IOB":-0.417,"reason":"COB: 0, Dev: -20, BGI: 3.52, ISF: 95, Target: 100; Eventual BG 96 < 100, 26m@-0.750 = -0.325 < req -0.08421052631578947-0.22499999999999998","duration":30,"rate":0.575}
