{"temp":"absolute","bg":89,"tick":"+1","eventualBG":96,"snoozeBG":96,"predBGs":{"IOB":[89,88,87,86,86,86,86,86,87,88,90,92,94,96,98,100,103,105,107,109,111,113,114,116,117,118,119,120,121,122,123,124,124,125,125,126]},"COB":0,"IOB":-0.28,"reason":"COB: 0, Dev: -18, BGI: 1.39, ISF: 90, Target: 100; Eventual BG 96 < 100, 27m@-0.750 = -0.338 < req -0.08888888888888889-0.22499999999999998","duration":30,"rate":0.575}
