{"temp":"absolute","bg":134,"tick":"+2","eventualBG":99,"snoozeBG":99,"predBGs":{"IOB":[134,133,133,132,132,131,130,130,129,129,128,127,126,126,125,124,123,123,122,122,122,121,121,121,121,121,121,120,120,121,121,121,121,121,122]},"COB":0,"IOB":0.322,"reason":"COB: 0, Dev: -6, BGI: 0.32, ISF: 90, Target: 100; Eventual BG 99 < 100, 29m@-0.750 = -0.362 < req -0.022222222222222223-0.22499999999999998","duration":30,"rate":0.7}
