{
  "bg": 106, 
  "temp": "absolute", 
  "snoozeBG": 96, 
  "recieved": true, 
  "predBGs": {
    "IOB": [
      106, 
      105, 
      103, 
      102, 
      101, 
      100, 
      100, 
      100, 
      100, 
      100, 
      100, 
      100, 
      101, 
      102, 
      103, 
      104, 
      106, 
      107, 
      108, 
      110, 
      111, 
      112, 
      113, 
      115, 
      116, 
      117, 
      118, 
      118, 
      119, 
      120, 
      121, 
      121, 
      122, 
      123, 
      123, 
      123, 
      124
    ]
  }, 
  "rate": 0.5, 
  "reason": "COB: 0, Dev: -10, BGI: 0, ISF: 90, Target: 100; Eventual BG 96 < 100, 29m@-0.675 = -0.326 < req -0.08888888888888889-0.2025", 
  "COB": 0, 
  "eventualBG": 96, 
  "timestamp": "2017-10-01T09:13:18.935041", 
  "duration": 30, 
  "tick": "+3", 
  "IOB": 0.001
}