{
  "bg": 123, 
  "temp": "absolute", 
  "snoozeBG": 102, 
  "recieved": true, 
  "predBGs": {
    "IOB": [
      123, 
      119, 
      115, 
      112, 
      110, 
      108, 
      107, 
      107, 
      106, 
      106, 
      107, 
      108, 
      109, 
      110, 
      111, 
      112, 
      114, 
      115, 
      116, 
      118, 
      119, 
      120, 
      121, 
      121, 
      122, 
      123, 
      123, 
      124, 
      125, 
      125, 
      126, 
      127, 
      127, 
      128, 
      128, 
      128, 
      128, 
      129
    ]
  }, 
  "rate": 0.45, 
  "reason": "COB: 0, Dev: -19, BGI: -1.27, ISF: 106, Target: 104; Eventual BG 102 < 104, 25m@-0.550 = -0.229 < req -0.03787878787878788-0.165", 
  "COB": 0, 
  "eventualBG": 102, 
  "timestamp": "2017-04-25T04:24:11.321872", 
  "duration": 30, 
  "tick": "+1", 
  "IOB": 0.016
}