{
  "bg": 123, 
  "temp": "absolute", 
  "snoozeBG": 99, 
  "recieved": true, 
  "predBGs": {
    "IOB": [
      123, 
      120, 
      117, 
      115, 
      112, 
      110, 
      108, 
      107, 
      105, 
      104, 
      104, 
      103, 
      103, 
      103, 
      104, 
      104, 
      105, 
      106, 
      107, 
      108, 
      109, 
      110, 
      111, 
      112, 
      113, 
      114, 
      115, 
      116, 
      117, 
      118, 
      118, 
      119, 
      120, 
      120, 
      120, 
      121
    ]
  }, 
  "rate": 0.65, 
  "reason": "COB: 0, Dev: -9, BGI: -1.48, ISF: 90, Target: 100; Eventual BG 99 < 100, 24m@-0.700 = -0.280 < req -0.022222222222222223-0.21", 
  "COB": 0, 
  "eventualBG": 99, 
  "timestamp": "2017-08-30T04:52:20.283862", 
  "duration": 30, 
  "tick": -1, 
  "IOB": 0.162
}