{
  "bg": 77, 
  "temp": "absolute", 
  "snoozeBG": 95, 
  "recieved": true, 
  "predBGs": {
    "IOB": [
      77, 
      77, 
      77, 
      78, 
      78, 
      79, 
      80, 
      81, 
      83, 
      85, 
      86, 
      88, 
      91, 
      93, 
      95, 
      97, 
      99, 
      101, 
      103, 
      105, 
      107, 
      108, 
      110, 
      111, 
      112, 
      113, 
      115, 
      116, 
      116, 
      117, 
      118, 
      118, 
      119, 
      119, 
      120
    ]
  }, 
  "rate": 0.45, 
  "reason": "COB: 0, Dev: -12, BGI: 1.8, ISF: 90, Target: 100; Eventual BG 95 < 100, 30m@-0.675 = -0.338 < req -0.1111111111111111-0.2025", 
  "COB": 0, 
  "eventualBG": 95, 
  "timestamp": "2017-10-05T06:01:12.406096", 
  "duration": 30, 
  "tick": "+1", 
  "IOB": -0.335
}