{
  "bg": 108, 
  "temp": "absolute", 
  "snoozeBG": 97, 
  "recieved": true, 
  "predBGs": {
    "IOB": [
      108, 
      105, 
      101, 
      98, 
      96, 
      94, 
      92, 
      91, 
      90, 
      90, 
      90, 
      91, 
      92, 
      93, 
      94, 
      96, 
      97, 
      99, 
      101, 
      103, 
      105, 
      107, 
      109, 
      111, 
      112, 
      114, 
      115, 
      116, 
      118, 
      119, 
      119, 
      120, 
      121, 
      121, 
      122, 
      122, 
      123
    ]
  }, 
  "rate": 0.55, 
  "reason": "COB: 0, Dev: -10, BGI: -1.93, ISF: 90, Target: 100; Eventual BG 97 < 100, 28m@-0.675 = -0.315 < req -0.06666666666666667-0.2025", 
  "COB": 0, 
  "eventualBG": 97, 
  "timestamp": "2017-09-30T06:11:31.093082", 
  "duration": 30, 
  "tick": -1, 
  "IOB": 0.008
}