{
  "bg": 120, 
  "temp": "absolute", 
  "snoozeBG": 98, 
  "recieved": true, 
  "predBGs": {
    "IOB": [
      120, 
      118, 
      115, 
      113, 
      110, 
      108, 
      106, 
      104, 
      103, 
      102, 
      101, 
      101, 
      101, 
      101, 
      101, 
      102, 
      102, 
      103, 
      105, 
      106, 
      107, 
      108, 
      109, 
      111, 
      112, 
      113, 
      114, 
      115, 
      116, 
      116, 
      117, 
      118, 
      118, 
      119, 
      119, 
      119, 
      119, 
      119, 
      119, 
      120
    ]
  }, 
  "rate": 0.55, 
  "reason": "COB: 0, Dev: -6, BGI: -1.66, ISF: 90, Target: 100; Eventual BG 98 < 100, 23m@-0.675 = -0.259 < req -0.044444444444444446-0.2025", 
  "COB": 0, 
  "eventualBG": 98, 
  "timestamp": "2017-09-17T05:53:34.469159", 
  "duration": 30, 
  "tick": -2, 
  "IOB": 0.181
}