{
  "bg": 98, 
  "temp": "absolute", 
  "snoozeBG": 96, 
  "recieved": true, 
  "predBGs": {
    "IOB": [
      98, 
      95, 
      93, 
      91, 
      90, 
      89, 
      88, 
      87, 
      87, 
      87, 
      88, 
      89, 
      90, 
      92, 
      93, 
      95, 
      97, 
      98, 
      100, 
      102, 
      103, 
      105, 
      107, 
      108, 
      109, 
      110, 
      112, 
      113, 
      114, 
      114, 
      115, 
      116, 
      116, 
      117, 
      117, 
      117, 
      118
    ]
  }, 
  "rate": 0.625, 
  "reason": "COB: 0, Dev: -11, BGI: -0.93, ISF: 89, Target: 97; Eventual BG 96 < 97, 28m@-0.675 = -0.315 < req -0.022522522522522525-0.2025. Setting neutral temp basal of 0.625U/hr", 
  "COB": 0, 
  "eventualBG": 96, 
  "timestamp": "2017-05-29T07:14:24.073956", 
  "duration": 30, 
  "tick": "+0", 
  "IOB": -0.097
}