{
  "bg": 99, 
  "temp": "absolute", 
  "snoozeBG": 96, 
  "recieved": true, 
  "predBGs": {
    "IOB": [
      99, 
      95, 
      92, 
      89, 
      86, 
      84, 
      82, 
      81, 
      81, 
      81, 
      81, 
      82, 
      83, 
      85, 
      86, 
      88, 
      90, 
      93, 
      95, 
      97, 
      100, 
      102, 
      104, 
      106, 
      108, 
      110, 
      111, 
      112, 
      114, 
      115, 
      116, 
      116, 
      117, 
      117, 
      118, 
      118, 
      118, 
      118, 
      119
    ]
  }, 
  "rate": 0.45, 
  "reason": "COB: 0, Dev: -12, BGI: -1.95, ISF: 95, Target: 100; Eventual BG 96 < 100, 27m@-0.625 = -0.281 < req -0.08421052631578947-0.1875", 
  "COB": 0, 
  "eventualBG": 96, 
  "timestamp": "2017-08-06T08:27:51.404604", 
  "duration": 30, 
  "tick": "+0", 
  "IOB": -0.094
}