{
  "requested": {
    "duration": 30, 
    "rate": 0.575, 
    "temp": "absolute"
  }, 
  "bg": 87, 
  "temp": "absolute", 
  "snoozeBG": 98, 
  "timestamp": "2017-09-04T09:22:28.304100", 
  "predBGs": {
    "IOB": [
      87, 
      87, 
      87, 
      88, 
      88, 
      89, 
      89, 
      90, 
      91, 
      93, 
      94, 
      95, 
      97, 
      99, 
      101, 
      102, 
      104, 
      106, 
      108, 
      110, 
      111, 
      112, 
      114, 
      115, 
      116, 
      117, 
      118, 
      119, 
      120, 
      121, 
      121, 
      122, 
      123, 
      123, 
      123, 
      124
    ]
  }, 
  "rate": 0.55, 
  "reason": "COB: 0, Dev: -13, BGI: 2.07, ISF: 90, Target: 100; Eventual BG 98 < 100, 23m@-0.675 = -0.259 < req -0.044444444444444446-0.2025", 
  "COB": 0, 
  "eventualBG": 98, 
  "recieved": false, 
  "duration": 30, 
  "tick": "+2", 
  "IOB": -0.266
}