{
  "bg": 90, 
  "temp": "absolute", 
  "snoozeBG": 97, 
  "recieved": true, 
  "predBGs": {
    "IOB": [
      90, 
      88, 
      87, 
      85, 
      85, 
      84, 
      84, 
      85, 
      85, 
      86, 
      88, 
      89, 
      91, 
      93, 
      95, 
      97, 
      100, 
      102, 
      104, 
      106, 
      109, 
      110, 
      112, 
      114, 
      115, 
      117, 
      118, 
      119, 
      120, 
      121, 
      122, 
      123, 
      123, 
      124, 
      124, 
      125
    ]
  }, 
  "rate": 0.55, 
  "reason": "COB: 0, Dev: -13, BGI: 0.09, ISF: 90, Target: 100; Eventual BG 97 < 100, 26m@-0.700 = -0.303 < req -0.06666666666666667-0.21", 
  "COB": 0, 
  "eventualBG": 97, 
  "timestamp": "2017-09-06T05:48:02.585793", 
  "duration": 30, 
  "tick": "+1", 
  "IOB": -0.221
}