{
  "bg": 105, 
  "temp": "absolute", 
  "snoozeBG": 99, 
  "recieved": true, 
  "predBGs": {
    "IOB": [
      105, 
      102, 
      98, 
      96, 
      93, 
      91, 
      90, 
      89, 
      88, 
      88, 
      88, 
      89, 
      90, 
      91, 
      92, 
      94, 
      95, 
      97, 
      99, 
      101, 
      102, 
      104, 
      106, 
      107, 
      109, 
      110, 
      111, 
      112, 
      113, 
      114, 
      115, 
      115, 
      116, 
      116, 
      117
    ]
  }, 
  "rate": 0.625, 
  "reason": "COB: 0, Dev: -12, BGI: -1.66, ISF: 90, Target: 100; Eventual BG 99 < 100, 21m@-0.675 = -0.236 < req -0.022222222222222223-0.2025", 
  "COB": 0, 
  "eventualBG": 99, 
  "timestamp": "2017-10-02T06:07:12.559484", 
  "duration": 30, 
  "tick": -1, 
  "IOB": -0.069
}