{
  "bg": 90, 
  "temp": "absolute", 
  "snoozeBG": 97, 
  "recieved": true, 
  "predBGs": {
    "IOB": [
      90, 
      88, 
      87, 
      85, 
      84, 
      83, 
      83, 
      83, 
      83, 
      84, 
      85, 
      87, 
      89, 
      91, 
      93, 
      95, 
      97, 
      100, 
      102, 
      104, 
      107, 
      109, 
      111, 
      113, 
      115, 
      116, 
      118, 
      119, 
      120, 
      122, 
      122, 
      123, 
      124, 
      124, 
      125, 
      125, 
      125, 
      125, 
      126
    ]
  }, 
  "rate": 0.55, 
  "reason": "COB: 0, Dev: -16, BGI: 0.72, ISF: 90, Target: 100; Eventual BG 97 < 100, 27m@-0.675 = -0.304 < req -0.06666666666666667-0.2025", 
  "COB": 0, 
  "eventualBG": 97, 
  "timestamp": "2017-09-15T06:03:01.399433", 
  "duration": 30, 
  "tick": -1, 
  "IOB": -0.253
}