{
  "bg": 207, 
  "temp": "absolute", 
  "snoozeBG": 78, 
  "recieved": true, 
  "predBGs": {
    "IOB": [
      207, 
      202, 
      196, 
      190, 
      184, 
      178, 
      171, 
      165, 
      158, 
      152, 
      145, 
      139, 
      134, 
      128, 
      123, 
      119, 
      114, 
      111, 
      108, 
      105, 
      103, 
      101, 
      99, 
      97, 
      96, 
      95, 
      95, 
      95, 
      94, 
      94, 
      95, 
      95, 
      95, 
      96, 
      96, 
      96, 
      97
    ]
  }, 
  "rate": 0.525, 
  "reason": "COB: 0, Dev: -2, BGI: -4.99, ISF: 95, Target: 80; Eventual BG 78 < 80, 27m@-0.600 = -0.270 < req -0.042105263157894736-0.18", 
  "COB": 0, 
  "eventualBG": 78, 
  "timestamp": "2017-06-11T05:29:26.654454", 
  "duration": 30, 
  "tick": -4, 
  "IOB": 1.339
}