{
  "bg": 149, 
  "temp": "absolute", 
  "snoozeBG": 97, 
  "recieved": true, 
  "predBGs": {
    "IOB": [
      149, 
      145, 
      142, 
      138, 
      135, 
      131, 
      128, 
      125, 
      122, 
      119, 
      117, 
      115, 
      113, 
      112, 
      111, 
      110, 
      110, 
      110, 
      110, 
      110, 
      111, 
      111, 
      112, 
      113, 
      114, 
      114, 
      115, 
      116, 
      117, 
      118, 
      118, 
      119, 
      120, 
      120, 
      121
    ]
  }, 
  "rate": 0.55, 
  "reason": "COB: 0, Dev: -3, BGI: -3.1, ISF: 90, Target: 100; Eventual BG 97 < 100, 27m@-0.675 = -0.304 < req -0.06666666666666667-0.2025", 
  "COB": 0, 
  "eventualBG": 97, 
  "timestamp": "2017-09-26T05:32:53.560135", 
  "duration": 30, 
  "tick": -3, 
  "IOB": 0.542
}