{
  "bg": 82, 
  "temp": "absolute", 
  "snoozeBG": 79, 
  "recieved": true, 
  "predBGs": {
    "IOB": [
      82, 
      79, 
      77, 
      75, 
      73, 
      72, 
      71, 
      71, 
      71, 
      71, 
      72, 
      73, 
      75, 
      76, 
      78, 
      79, 
      81, 
      83, 
      84, 
      86, 
      87, 
      89, 
      90, 
      91, 
      92, 
      93, 
      94, 
      95, 
      96, 
      97, 
      97, 
      98, 
      98, 
      99, 
      99, 
      99, 
      99, 
      99, 
      100
    ]
  }, 
  "rate": 0.55, 
  "reason": "COB: 0, Dev: -19, BGI: 0.1, ISF: 95, Target: 80; Eventual BG 79 < 80, 24m@-0.600 = -0.240 < req -0.021052631578947368-0.18", 
  "COB": 0, 
  "eventualBG": 79, 
  "timestamp": "2017-05-05T06:52:17.974550", 
  "duration": 30, 
  "tick": "+0", 
  "IOB": -0.168
}