{
  "bg": 97, 
  "temp": "absolute", 
  "snoozeBG": 96, 
  "recieved": true, 
  "predBGs": {
    "IOB": [
      97, 
      95, 
      93, 
      92, 
      91, 
      90, 
      89, 
      89, 
      89, 
      89, 
      90, 
      91, 
      92, 
      93, 
      95, 
      96, 
      98, 
      100, 
      102, 
      104, 
      105, 
      107, 
      109, 
      110, 
      112, 
      113, 
      114, 
      115, 
      116, 
      117, 
      118, 
      119, 
      119, 
      120, 
      120, 
      120, 
      120, 
      121
    ]
  }, 
  "rate": 0.45, 
  "reason": "COB: 0, Dev: -9, BGI: -0.66, ISF: 95, Target: 100; Eventual BG 96 < 100, 28m@-0.625 = -0.292 < req -0.08421052631578947-0.1875", 
  "COB": 0, 
  "eventualBG": 96, 
  "timestamp": "2017-03-26T09:29:41.343980", 
  "duration": 30, 
  "tick": "+4", 
  "IOB": -0.089
}