{
  "bg": 93, 
  "temp": "absolute", 
  "snoozeBG": 97, 
  "recieved": true, 
  "predBGs": {
    "IOB": [
      93, 
      93, 
      93, 
      93, 
      93, 
      93, 
      93, 
      93, 
      94, 
      94, 
      95, 
      96, 
      97, 
      98, 
      100, 
      101, 
      102, 
      103, 
      105, 
      106, 
      107, 
      108, 
      109, 
      110, 
      111, 
      112, 
      113, 
      114, 
      115, 
      115, 
      116, 
      116, 
      117, 
      117, 
      118
    ]
  }, 
  "rate": 0.45, 
  "reason": "COB: 0, Dev: -10, BGI: 1.45, ISF: 91, Target: 100; Eventual BG 97 < 100, 25m@-0.600 = -0.250 < req -0.066006600660066-0.18", 
  "COB": 0, 
  "eventualBG": 97, 
  "timestamp": "2017-03-09T06:18:34.800859", 
  "duration": 30, 
  "tick": "+2", 
  "IOB": -0.159
}