{
  "bg": 157, 
  "temp": "absolute", 
  "snoozeBG": 98, 
  "recieved": true, 
  "predBGs": {
    "IOB": [
      157, 
      152, 
      147, 
      142, 
      137, 
      133, 
      129, 
      125, 
      122, 
      119, 
      116, 
      113, 
      112, 
      110, 
      109, 
      108, 
      107, 
      107, 
      106, 
      106, 
      107, 
      107, 
      107, 
      107, 
      108, 
      108, 
      109, 
      109, 
      110, 
      110, 
      111, 
      111, 
      112, 
      112, 
      112, 
      113
    ]
  }, 
  "rate": 0.55, 
  "reason": "COB: 0, Dev: -9, BGI: -3.83, ISF: 92, Target: 99; Eventual BG 98 < 99, 28m@-0.550 = -0.257 < req -0.021691973969631236-0.1875", 
  "COB": 0, 
  "eventualBG": 98, 
  "timestamp": "2017-04-27T05:18:17.767704", 
  "duration": 30, 
  "tick": -5, 
  "IOB": 0.545
}