{
  "bg": 105, 
  "temp": "absolute", 
  "snoozeBG": 97, 
  "recieved": true, 
  "predBGs": {
    "IOB": [
      105, 
      103, 
      100, 
      98, 
      97, 
      96, 
      95, 
      94, 
      94, 
      95, 
      95, 
      96, 
      97, 
      99, 
      100, 
      101, 
      103, 
      105, 
      106, 
      108, 
      109, 
      111, 
      113, 
      114, 
      115, 
      117, 
      118, 
      119, 
      120, 
      121, 
      122, 
      123, 
      123, 
      124, 
      124, 
      125
    ]
  }, 
  "rate": 0.0, 
  "reason": "COB: 0, Dev: -11, BGI: -0.84, ISF: 94, Target: 102; Eventual BG 97 < 102, 28m@-0.725 = -0.338 < req -0.10660980810234542-0.2175", 
  "COB": 0, 
  "eventualBG": 97, 
  "timestamp": "2017-03-17T02:09:41.359447", 
  "duration": 27, 
  "tick": "+2", 
  "IOB": -0.034
}