{
  "bg": 124, 
  "temp": "absolute", 
  "snoozeBG": 99, 
  "recieved": true, 
  "predBGs": {
    "IOB": [
      124, 
      119, 
      115, 
      111, 
      108, 
      105, 
      102, 
      100, 
      98, 
      97, 
      96, 
      96, 
      96, 
      96, 
      96, 
      97, 
      97, 
      98, 
      99, 
      100, 
      101, 
      102, 
      103, 
      104, 
      105, 
      106, 
      107, 
      108, 
      109, 
      109, 
      110, 
      111, 
      111, 
      111, 
      112, 
      112, 
      112, 
      112, 
      113
    ]
  }, 
  "rate": 0.55, 
  "reason": "COB: 0, Dev: -13, BGI: -2.09, ISF: 95, Target: 100; Eventual BG 99 < 100, 29m@-0.500 = -0.242 < req -0.021052631578947368-0.18", 
  "COB": 0, 
  "eventualBG": 99, 
  "timestamp": "2017-07-06T06:42:50.494910", 
  "duration": 30, 
  "tick": -5, 
  "IOB": 0.128
}