{
  "bg": 106, 
  "temp": "absolute", 
  "snoozeBG": 99, 
  "recieved": true, 
  "predBGs": {
    "IOB": [
      106, 
      103, 
      100, 
      97, 
      95, 
      92, 
      91, 
      89, 
      88, 
      88, 
      88, 
      88, 
      89, 
      90, 
      91, 
      92, 
      94, 
      95, 
      97, 
      99, 
      101, 
      102, 
      104, 
      106, 
      107, 
      109, 
      110, 
      112, 
      113, 
      114, 
      115, 
      115, 
      116, 
      116, 
      117
    ]
  }, 
  "rate": 0.55, 
  "reason": "COB: 0, Dev: -9, BGI: -1.66, ISF: 95, Target: 100; Eventual BG 99 < 100, 24m@-0.625 = -0.250 < req -0.021052631578947368-0.1875", 
  "COB": 0, 
  "eventualBG": 99, 
  "timestamp": "2017-06-23T07:03:50.490011", 
  "duration": 30, 
  "tick": -3, 
  "IOB": -0.022
}