{
  "bg": 83, 
  "temp": "absolute", 
  "snoozeBG": 96, 
  "recieved": true, 
  "predBGs": {
    "IOB": [
      83, 
      83, 
      82, 
      82, 
      83, 
      83, 
      84, 
      85, 
      86, 
      88, 
      89, 
      91, 
      94, 
      96, 
      98, 
      100, 
      103, 
      105, 
      107, 
      109, 
      111, 
      113, 
      114, 
      116, 
      117, 
      118, 
      120, 
      121, 
      122, 
      123, 
      123, 
      124, 
      125, 
      125, 
      125, 
      126
    ]
  }, 
  "rate": 0.5, 
  "reason": "COB: 0, Dev: -13, BGI: 1.44, ISF: 90, Target: 100; Eventual BG 96 < 100, 28m@-0.675 = -0.315 < req -0.08888888888888889-0.2025", 
  "COB": 0, 
  "eventualBG": 96, 
  "timestamp": "2017-08-11T09:08:16.050962", 
  "duration": 30, 
  "tick": "+1", 
  "IOB": -0.294
}