{
  "bg": 150, 
  "temp": "absolute", 
  "snoozeBG": 97, 
  "recieved": true, 
  "predBGs": {
    "IOB": [
      150, 
      145, 
      141, 
      136, 
      133, 
      129, 
      126, 
      123, 
      120, 
      118, 
      116, 
      115, 
      113, 
      112, 
      111, 
      111, 
      111, 
      110, 
      111, 
      111, 
      111, 
      112, 
      112, 
      113, 
      113, 
      113, 
      114, 
      114, 
      114, 
      115, 
      115, 
      115, 
      116, 
      116, 
      116, 
      117
    ]
  }, 
  "rate": 0.5, 
  "reason": "COB: 0, Dev: -5, BGI: -4.13, ISF: 95, Target: 100; Eventual BG 97 < 100, 26m@-0.625 = -0.271 < req -0.06315789473684211-0.1875", 
  "COB": 0, 
  "eventualBG": 97, 
  "timestamp": "2017-06-25T07:47:39.572164", 
  "duration": 30, 
  "tick": -1, 
  "IOB": 0.506
}