{
  "bg": 156, 
  "temp": "absolute", 
  "snoozeBG": 97, 
  "recieved": true, 
  "predBGs": {
    "IOB": [
      156, 
      148, 
      140, 
      133, 
      127, 
      121, 
      116, 
      112, 
      108, 
      105, 
      102, 
      100, 
      98, 
      97, 
      96, 
      95, 
      94, 
      93, 
      93, 
      93, 
      93, 
      92, 
      92, 
      92, 
      92, 
      92, 
      92, 
      91, 
      91, 
      92, 
      92, 
      92, 
      92, 
      92, 
      93
    ]
  }, 
  "rate": 0.45, 
  "reason": "COB: 0, Dev: -19, BGI: -1.8, ISF: 95, Target: 100; Eventual BG 97 < 100, 29m@-0.550 = -0.266 < req -0.06315789473684211-0.18", 
  "COB": 0, 
  "eventualBG": 97, 
  "timestamp": "2017-06-10T06:23:44.090351", 
  "duration": 30, 
  "tick": -9, 
  "IOB": 0.422
}