{
  "bg": 120, 
  "temp": "absolute", 
  "snoozeBG": 99, 
  "recieved": true, 
  "predBGs": {
    "IOB": [
      120, 
      118, 
      115, 
      113, 
      111, 
      109, 
      107, 
      106, 
      105, 
      104, 
      104, 
      104, 
      104, 
      105, 
      105, 
      106, 
      107, 
      108, 
      108, 
      109, 
      111, 
      112, 
      113, 
      114, 
      115, 
      116, 
      117, 
      118, 
      118, 
      119, 
      120, 
      121, 
      121, 
      122, 
      122, 
      122, 
      122, 
      123
    ]
  }, 
  "rate": 0.55, 
  "reason": "COB: 0, Dev: -13, BGI: -0.43, ISF: 95, Target: 100; Eventual BG 99 < 100, 27m@-0.600 = -0.270 < req -0.021052631578947368-0.18", 
  "COB": 0, 
  "eventualBG": 99, 
  "timestamp": "2017-07-20T05:45:27.160393", 
  "duration": 30, 
  "tick": -1, 
  "IOB": 0.089
}