{
  "bg": 108, 
  "temp": "absolute", 
  "snoozeBG": 97, 
  "recieved": true, 
  "predBGs": {
    "IOB": [
      108, 
      107, 
      107, 
      106, 
      106, 
      106, 
      106, 
      106, 
      106, 
      107, 
      107, 
      107, 
      108, 
      109, 
      109, 
      110, 
      111, 
      112, 
      113, 
      114, 
      114, 
      115, 
      116, 
      117, 
      117, 
      118, 
      118, 
      119, 
      119, 
      120, 
      120, 
      120, 
      121, 
      121, 
      122
    ]
  }, 
  "rate": 0.45, 
  "reason": "COB: 0, Dev: -11, BGI: 1, ISF: 95, Target: 100; Eventual BG 97 < 100, 26m@-0.600 = -0.260 < req -0.06315789473684211-0.18", 
  "COB": 0, 
  "eventualBG": 97, 
  "timestamp": "2017-05-31T06:48:25.636350", 
  "duration": 30, 
  "tick": "+1", 
  "IOB": -0.001
}