{
  "bg": 94, 
  "temp": "absolute", 
  "snoozeBG": 77, 
  "recieved": true, 
  "predBGs": {
    "IOB": [
      94, 
      89, 
      85, 
      81, 
      78, 
      75, 
      73, 
      71, 
      70, 
      69, 
      69, 
      70, 
      71, 
      72, 
      73, 
      75, 
      76, 
      78, 
      79, 
      81, 
      83, 
      85, 
      86, 
      88, 
      89, 
      91, 
      92, 
      93, 
      95, 
      96, 
      96, 
      97, 
      98, 
      98, 
      99, 
      99, 
      99, 
      99, 
      100
    ]
  }, 
  "rate": 0.5, 
  "reason": "COB: 0, Dev: -15, BGI: -2.37, ISF: 95, Target: 80; Eventual BG 77 < 80, 28m@-0.625 = -0.292 < req -0.06315789473684211-0.1875", 
  "COB": 0, 
  "eventualBG": 77, 
  "timestamp": "2017-06-17T08:55:12.716135", 
  "duration": 30, 
  "tick": -2, 
  "IOB": 0.022
}