{
  "bg": 105, 
  "temp": "absolute", 
  "snoozeBG": 97, 
  "recieved": true, 
  "predBGs": {
    "IOB": [
      105, 
      104, 
      104, 
      103, 
      103, 
      102, 
      102, 
      103, 
      103, 
      103, 
      103, 
      104, 
      105, 
      105, 
      106, 
      107, 
      108, 
      109, 
      110, 
      110, 
      111, 
      112, 
      113, 
      114, 
      115, 
      115, 
      116, 
      117, 
      118, 
      118, 
      119, 
      119, 
      120, 
      120, 
      121
    ]
  }, 
  "rate": 0.55, 
  "reason": "COB: 0, Dev: -10, BGI: 0.72, ISF: 90, Target: 100; Eventual BG 97 < 100, 24m@-0.675 = -0.270 < req -0.06666666666666667-0.2025", 
  "COB": 0, 
  "eventualBG": 97, 
  "timestamp": "2017-08-11T07:31:44.247570", 
  "duration": 30, 
  "tick": "+0", 
  "IOB": -0.022
}