{
  "bg": 115, 
  "temp": "absolute", 
  "snoozeBG": 99, 
  "recieved": true, 
  "predBGs": {
    "IOB": [
      115, 
      112, 
      109, 
      106, 
      104, 
      102, 
      101, 
      100, 
      99, 
      98, 
      98, 
      99, 
      99, 
      100, 
      102, 
      103, 
      105, 
      107, 
      109, 
      111, 
      113, 
      115, 
      117, 
      119, 
      121, 
      122, 
      124, 
      125, 
      127, 
      128, 
      129, 
      130, 
      131, 
      132, 
      132, 
      133, 
      133, 
      134
    ]
  }, 
  "rate": 0.925, 
  "reason": "COB: 0, Dev: -2, BGI: -2.99, ISF: 95, Target: 100; Eventual BG 99 < 100, 26m@-0.975 = -0.422 < req -0.021052631578947368-0.2925", 
  "COB": 0, 
  "eventualBG": 99, 
  "timestamp": "2017-07-19T01:28:08.313801", 
  "duration": 30, 
  "tick": "+1", 
  "IOB": 0.15
}