{
  "bg": 109, 
  "temp": "absolute", 
  "snoozeBG": 75, 
  "recieved": true, 
  "predBGs": {
    "IOB": [
      109, 
      106, 
      104, 
      101, 
      99, 
      96, 
      94, 
      92, 
      89, 
      88, 
      86, 
      85, 
      83, 
      83, 
      82, 
      81, 
      80, 
      79, 
      78, 
      78, 
      77, 
      77, 
      76
    ]
  }, 
  "rate": 0.4, 
  "reason": "COB: 0, Dev: -17, BGI: -0.05, ISF: 95, Target: 80; Eventual BG 75 < 80, 30m@-0.600 = -0.300 < req -0.10526315789473684-0.18", 
  "COB": 0, 
  "eventualBG": 75, 
  "timestamp": "2017-05-30T06:46:06.132031", 
  "duration": 30, 
  "tick": -1, 
  "IOB": 0.184
}