{
  "requested": {
    "duration": 30, 
    "rate": 0.6, 
    "temp": "absolute"
  }, 
  "bg": 79, 
  "temp": "absolute", 
  "snoozeBG": 96, 
  "timestamp": "2017-03-06T05:58:08.175071", 
  "predBGs": {
    "IOB": [
      79, 
      78, 
      78, 
      77, 
      77, 
      77, 
      78, 
      79, 
      80, 
      81, 
      83, 
      85, 
      87, 
      89, 
      91, 
      93, 
      95, 
      97, 
      99, 
      101, 
      103, 
      104, 
      106, 
      107, 
      108, 
      109, 
      111, 
      111, 
      112, 
      113, 
      113, 
      114, 
      114, 
      114, 
      115
    ]
  }, 
  "rate": 0.0, 
  "reason": "COB: 0, Dev: -14, BGI: 1.39, ISF: 84, Target: 97; Eventual BG 96 < 97, 21m@-0.650 = -0.228 < req -0.023781212841854936-0.195. Setting neutral temp basal of 0.6U/hr", 
  "COB": 0, 
  "eventualBG": 96, 
  "recieved": false, 
  "duration": 20, 
  "tick": "+0", 
  "IOB": -0.371
}