{
  "bg": 115, 
  "temp": "absolute", 
  "snoozeBG": 98, 
  "recieved": true, 
  "predBGs": {
    "IOB": [
      115, 
      112, 
      109, 
      107, 
      105, 
      103, 
      101, 
      100, 
      99, 
      99, 
      98, 
      98, 
      99, 
      99, 
      100, 
      101, 
      102, 
      103, 
      104, 
      105, 
      106, 
      107, 
      108, 
      110, 
      111, 
      112, 
      112, 
      113, 
      114, 
      115, 
      115, 
      116, 
      116, 
      116, 
      117
    ]
  }, 
  "rate": 0.55, 
  "reason": "COB: 0, Dev: -14, BGI: -0.88, ISF: 93, Target: 99; Eventual BG 98 < 99, 22m@-0.600 = -0.220 < req -0.021482277121374866-0.18", 
  "COB": 0, 
  "eventualBG": 98, 
  "timestamp": "2017-03-26T05:52:42.884229", 
  "duration": 30, 
  "tick": "+8", 
  "IOB": 0.031
}