{
  "bg": 83, 
  "temp": "absolute", 
  "snoozeBG": 96, 
  "recieved": true, 
  "predBGs": {
    "IOB": [
      83, 
      82, 
      81, 
      81, 
      81, 
      81, 
      81, 
      82, 
      83, 
      84, 
      85, 
      87, 
      89, 
      91, 
      93, 
      95, 
      97, 
      100, 
      102, 
      104, 
      106, 
      107, 
      109, 
      111, 
      112, 
      114, 
      115, 
      116, 
      117, 
      118, 
      119, 
      119, 
      120, 
      120, 
      121
    ]
  }, 
  "rate": 0.425, 
  "reason": "COB: 0, Dev: -14, BGI: 1.23, ISF: 95, Target: 100; Eventual BG 96 < 100, 27m@-0.600 = -0.270 < req -0.08421052631578947-0.18", 
  "COB": 0, 
  "eventualBG": 96, 
  "timestamp": "2017-04-15T05:14:17.175293", 
  "duration": 30, 
  "tick": "+1", 
  "IOB": -0.281
}