{
  "bg": 163, 
  "temp": "absolute", 
  "snoozeBG": 92, 
  "recieved": true, 
  "predBGs": {
    "IOB": [
      163, 
      160, 
      156, 
      152, 
      148, 
      144, 
      139, 
      135, 
      132, 
      128, 
      124, 
      121, 
      118, 
      115, 
      113, 
      111, 
      109, 
      109, 
      108, 
      108, 
      108, 
      108, 
      108, 
      109, 
      110, 
      110, 
      111, 
      112, 
      112, 
      113, 
      114, 
      115, 
      115, 
      116, 
      116, 
      117, 
      117, 
      117, 
      117, 
      117, 
      118
    ]
  }, 
  "rate": 0.55, 
  "reason": "COB: 0, Dev: 10, BGI: -4.99, ISF: 90, Target: 100; Eventual BG 92 < 100, Snooze BG 92, 29m@-0.825 = -0.399 < req -0.13-0.24749999999999997", 
  "COB": 0, 
  "eventualBG": 92, 
  "timestamp": "2017-10-14T02:20:43.266823", 
  "duration": 30, 
  "tick": "+2", 
  "IOB": 0.904
}