{
  "bg": 114, 
  "temp": "absolute", 
  "snoozeBG": 93, 
  "recieved": true, 
  "predBGs": {
    "IOB": [
      114, 
      113, 
      112, 
      111, 
      110, 
      109, 
      108, 
      107, 
      106, 
      105, 
      105, 
      104, 
      103, 
      103, 
      102, 
      102, 
      101, 
      101, 
      101, 
      101, 
      101, 
      102, 
      102, 
      102, 
      102, 
      102, 
      103, 
      103, 
      103, 
      104, 
      104, 
      105, 
      105, 
      105, 
      105, 
      106
    ]
  }, 
  "rate": 0.5, 
  "reason": "COB: 0, Dev: -5, BGI: -0.09, ISF: 86, Target: 96; Eventual BG 93 < 96, 30m@-0.550 = -0.275 < req -0.06944444444444443-0.195", 
  "COB": 0, 
  "eventualBG": 93, 
  "timestamp": "2017-03-30T05:01:18.497040", 
  "duration": 30, 
  "tick": -1, 
  "IOB": 0.185
}