{
  "bg": 88, 
  "temp": "absolute", 
  "snoozeBG": 98, 
  "recieved": true, 
  "predBGs": {
    "IOB": [
      88, 
      82, 
      77, 
      73, 
      70, 
      68, 
      66, 
      65, 
      65, 
      66, 
      67, 
      70, 
      72, 
      76, 
      79, 
      83, 
      86, 
      90, 
      94, 
      98, 
      101, 
      105, 
      108, 
      111, 
      113, 
      116, 
      118, 
      119, 
      121, 
      122, 
      124, 
      125, 
      126, 
      126, 
      127, 
      127, 
      127, 
      128
    ]
  }, 
  "rate": 0.925, 
  "reason": "COB: 0, Dev: -18, BGI: -2.92, ISF: 90, Target: 100; Eventual BG 98 < 100, 21m@-1.050 = -0.367 < req -0.044444444444444446-0.315", 
  "COB": 0, 
  "eventualBG": 98, 
  "timestamp": "2017-08-28T01:14:23.939906", 
  "duration": 30, 
  "tick": -1, 
  "IOB": -0.307
}