{
  "bg": 76, 
  "temp": "absolute", 
  "snoozeBG": 96, 
  "recieved": true, 
  "predBGs": {
    "IOB": [
      76, 
      76, 
      77, 
      78, 
      79, 
      80, 
      81, 
      83, 
      84, 
      86, 
      89, 
      91, 
      94, 
      96, 
      99, 
      101, 
      104, 
      106, 
      109, 
      111, 
      113, 
      115, 
      116, 
      118, 
      120, 
      121, 
      122, 
      123, 
      125, 
      125, 
      126, 
      127, 
      128, 
      128, 
      129
    ]
  }, 
  "rate": 0.55, 
  "reason": "COB: 0, Dev: -20, BGI: 3.52, ISF: 95, Target: 100; Eventual BG 96 < 100, 26m@-0.750 = -0.325 < req -0.08421052631578947-0.22499999999999998", 
  "COB": 0, 
  "eventualBG": 96, 
  "timestamp": "2017-06-23T02:41:39.056866", 
  "duration": 30, 
  "tick": "+3", 
  "IOB": -0.417
}