{
  "bg": 126, 
  "temp": "absolute", 
  "snoozeBG": 97, 
  "recieved": true, 
  "predBGs": {
    "IOB": [
      126, 
      122, 
      118, 
      115, 
      111, 
      108, 
      105, 
      103, 
      101, 
      99, 
      98, 
      97, 
      96, 
      95, 
      95, 
      95, 
      95, 
      95, 
      96, 
      96, 
      96, 
      97, 
      97, 
      98, 
      99, 
      99, 
      100, 
      101, 
      101, 
      102, 
      102, 
      103, 
      103, 
      103, 
      104
    ]
  }, 
  "rate": 0.55, 
  "reason": "COB: 0, Dev: -1, BGI: -2.4, ISF: 86, Target: 98; Eventual BG 97 < 98, 27m@-0.525 = -0.236 < req -0.023337222870478413-0.1875", 
  "COB": 0, 
  "eventualBG": 97, 
  "timestamp": "2017-03-08T04:13:48.824590", 
  "duration": 30, 
  "tick": -4, 
  "IOB": 0.323
}