{
  "bg": 79, 
  "temp": "absolute", 
  "snoozeBG": 98, 
  "recieved": true, 
  "predBGs": {
    "IOB": [
      79, 
      78, 
      77, 
      76, 
      76, 
      76, 
      77, 
      78, 
      79, 
      80, 
      82, 
      84, 
      87, 
      89, 
      92, 
      94, 
      96, 
      99, 
      101, 
      103, 
      106, 
      108, 
      110, 
      112, 
      113, 
      115, 
      116, 
      117, 
      118, 
      119, 
      120, 
      121, 
      121, 
      122, 
      122, 
      122, 
      123
    ]
  }, 
  "rate": 0.525, 
  "reason": "COB: 0, Dev: -10, BGI: 0.28, ISF: 95, Target: 100; Eventual BG 98 < 100, 28m@-0.600 = -0.280 < req -0.042105263157894736-0.18", 
  "COB": 0, 
  "eventualBG": 98, 
  "timestamp": "2017-07-18T05:58:02.195195", 
  "duration": 30, 
  "tick": "+1", 
  "IOB": -0.308
}