{
  "bg": 106, 
  "temp": "absolute", 
  "snoozeBG": 102, 
  "recieved": true, 
  "predBGs": {
    "IOB": [
      106, 
      104, 
      101, 
      99, 
      98, 
      96, 
      95, 
      95, 
      94, 
      94, 
      95, 
      96, 
      97, 
      99, 
      100, 
      102, 
      104, 
      106, 
      108, 
      109, 
      111, 
      113, 
      114, 
      116, 
      117, 
      118, 
      119, 
      120, 
      121, 
      122, 
      123, 
      124, 
      124, 
      125, 
      125, 
      125, 
      125, 
      126
    ]
  }, 
  "rate": 0.45, 
  "reason": "COB: 0, Dev: -16, BGI: 0.05, ISF: 106, Target: 104; Eventual BG 102 < 104, 24m@-0.550 = -0.220 < req -0.03787878787878788-0.165", 
  "COB": 0, 
  "eventualBG": 102, 
  "timestamp": "2017-04-25T05:49:19.096547", 
  "duration": 30, 
  "tick": "+1", 
  "IOB": -0.127
}