{
  "bg": 105, 
  "temp": "absolute", 
  "snoozeBG": 94, 
  "recieved": true, 
  "predBGs": {
    "IOB": [
      105, 
      104, 
      104, 
      103, 
      103, 
      103, 
      103, 
      103, 
      103, 
      103, 
      103, 
      103, 
      104, 
      104, 
      105, 
      105, 
      106, 
      107, 
      108, 
      109, 
      110, 
      111, 
      111, 
      112, 
      113, 
      114, 
      115, 
      115, 
      116, 
      117, 
      118, 
      118, 
      119, 
      119, 
      120, 
      120, 
      120, 
      120, 
      120, 
      121
    ]
  }, 
  "rate": 0.45, 
  "reason": "COB: 0, Dev: -6, BGI: 0.34, ISF: 86, Target: 98; Eventual BG 94 < 98, 30m@-0.625 = -0.313 < req -0.09334889148191365-0.1875", 
  "COB": 0, 
  "eventualBG": 94, 
  "timestamp": "2017-03-16T05:30:55.217030", 
  "duration": 30, 
  "tick": "+0", 
  "IOB": 0.053
}