{
  "bg": 82, 
  "temp": "absolute", 
  "snoozeBG": 97, 
  "recieved": true, 
  "predBGs": {
    "IOB": [
      82, 
      81, 
      81, 
      81, 
      82, 
      82, 
      83, 
      84, 
      85, 
      87, 
      88, 
      90, 
      92, 
      94, 
      95, 
      97, 
      99, 
      101, 
      103, 
      104, 
      106, 
      107, 
      108, 
      110, 
      111, 
      112, 
      113, 
      113, 
      114, 
      115, 
      115, 
      116, 
      116, 
      117
    ]
  }, 
  "rate": 0.55, 
  "reason": "COB: 0, Dev: -13, BGI: 1.51, ISF: 91, Target: 98; Eventual BG 97 < 98, 22m@-0.625 = -0.229 < req -0.02190580503833516-0.1875", 
  "COB": 0, 
  "eventualBG": 97, 
  "timestamp": "2017-05-30T04:21:22.984008", 
  "duration": 30, 
  "tick": "+3", 
  "IOB": -0.305
}