{
  "bg": 77, 
  "temp": "absolute", 
  "snoozeBG": 97, 
  "recieved": true, 
  "predBGs": {
    "IOB": [
      77, 
      76, 
      75, 
      75, 
      74, 
      75, 
      75, 
      76, 
      77, 
      79, 
      81, 
      83, 
      86, 
      88, 
      91, 
      93, 
      96, 
      98, 
      101, 
      103, 
      105, 
      107, 
      109, 
      111, 
      113, 
      114, 
      115, 
      117, 
      118, 
      119, 
      120, 
      120, 
      121, 
      121, 
      122, 
      122, 
      122, 
      123
    ]
  }, 
  "rate": 0.55, 
  "reason": "COB: 0, Dev: -18, BGI: 1.76, ISF: 90, Target: 100; Eventual BG 97 < 100, 25m@-0.700 = -0.292 < req -0.06666666666666667-0.21", 
  "COB": 0, 
  "eventualBG": 97, 
  "timestamp": "2017-08-31T04:50:14.844971", 
  "duration": 30, 
  "tick": "+6", 
  "IOB": -0.427
}