{
  "bg": 143, 
  "temp": "absolute", 
  "snoozeBG": 96, 
  "recieved": true, 
  "predBGs": {
    "IOB": [
      143, 
      140, 
      136, 
      132, 
      128, 
      125, 
      121, 
      118, 
      115, 
      112, 
      110, 
      108, 
      107, 
      106, 
      105, 
      104, 
      104, 
      104, 
      104, 
      104, 
      105, 
      106, 
      106, 
      107, 
      108, 
      109, 
      110, 
      111, 
      112, 
      113, 
      113, 
      114, 
      115, 
      115, 
      116
    ]
  }, 
  "rate": 0.425, 
  "reason": "COB: 0, Dev: -1, BGI: -3.31, ISF: 96, Target: 100; Eventual BG 96 < 100, 27m@-0.600 = -0.270 < req -0.08333333333333333-0.18", 
  "COB": 0, 
  "eventualBG": 96, 
  "timestamp": "2017-05-31T04:42:37.857886", 
  "duration": 30, 
  "tick": -1, 
  "IOB": 0.481
}