{
  "bg": 112, 
  "temp": "absolute", 
  "snoozeBG": 94, 
  "recieved": true, 
  "predBGs": {
    "IOB": [
      112, 
      111, 
      109, 
      108, 
      107, 
      106, 
      106, 
      105, 
      105, 
      106, 
      106, 
      107, 
      109, 
      110, 
      112, 
      114, 
      115, 
      117, 
      119, 
      121, 
      123, 
      124, 
      126, 
      127, 
      129, 
      130, 
      131, 
      133, 
      134, 
      135, 
      136, 
      137, 
      138, 
      139, 
      140, 
      140, 
      141
    ]
  }, 
  "rate": 0.85, 
  "reason": "COB: 0, Dev: -25, BGI: 2.28, ISF: 95, Target: 100; Eventual BG 94 < 100, 27m@-1.100 = -0.495 < req -0.12631578947368421-0.33", 
  "COB": 0, 
  "eventualBG": 94, 
  "timestamp": "2017-06-08T00:24:16.232307", 
  "duration": 30, 
  "tick": "+0", 
  "IOB": -0.07
}