{
  "bg": 87, 
  "temp": "absolute", 
  "snoozeBG": 99, 
  "recieved": true, 
  "predBGs": {
    "IOB": [
      87, 
      86, 
      85, 
      85, 
      84, 
      84, 
      85, 
      85, 
      86, 
      87, 
      88, 
      90, 
      92, 
      94, 
      96, 
      98, 
      100, 
      102, 
      104, 
      107, 
      108, 
      110, 
      112, 
      113, 
      115, 
      116, 
      117, 
      118, 
      119, 
      120, 
      121, 
      122, 
      122, 
      123, 
      123, 
      123, 
      124
    ]
  }, 
  "rate": 0.65, 
  "reason": "COB: 0, Dev: -12, BGI: 0.81, ISF: 90, Target: 100; Eventual BG 99 < 100, 25m@-0.700 = -0.292 < req -0.022222222222222223-0.21", 
  "COB": 0, 
  "eventualBG": 99, 
  "timestamp": "2017-08-10T06:10:25.951112", 
  "duration": 30, 
  "tick": "+1", 
  "IOB": -0.272
}