{
  "bg": 125, 
  "temp": "absolute", 
  "snoozeBG": 95, 
  "recieved": true, 
  "predBGs": {
    "IOB": [
      125, 
      123, 
      121, 
      119, 
      118, 
      116, 
      114, 
      112, 
      111, 
      110, 
      109, 
      108, 
      107, 
      107, 
      107, 
      107, 
      107, 
      107, 
      108, 
      109, 
      109, 
      110, 
      111, 
      112, 
      113, 
      114, 
      114, 
      115, 
      116, 
      117, 
      118, 
      118, 
      119, 
      119, 
      120
    ]
  }, 
  "rate": 0.0, 
  "reason": "COB: 0, Dev: -4, BGI: -1.08, ISF: 86, Target: 96; Eventual BG 95 < 96, 22m@-1.050 = -0.385 < req -0.023148148148148147-0.315", 
  "COB": 0, 
  "eventualBG": 95, 
  "timestamp": "2017-05-18T01:42:15.983038", 
  "duration": 21, 
  "tick": -1, 
  "IOB": 0.296
}