{
  "bg": 110, 
  "temp": "absolute", 
  "snoozeBG": 98, 
  "recieved": true, 
  "predBGs": {
    "aCOB": [
      110, 
      121, 
      133, 
      143, 
      153, 
      163, 
      172, 
      180, 
      188, 
      195, 
      202, 
      208, 
      214, 
      220, 
      226, 
      232, 
      237, 
      242, 
      247, 
      251, 
      255, 
      259, 
      262, 
      265, 
      267, 
      270, 
      272, 
      274, 
      276, 
      277, 
      279, 
      280, 
      280, 
      281, 
      281, 
      281, 
      281, 
      282
    ], 
    "IOB": [
      110, 
      112, 
      113, 
      115, 
      116, 
      117, 
      118, 
      119, 
      119, 
      118, 
      118, 
      118, 
      118, 
      118, 
      118, 
      118, 
      118, 
      118, 
      118, 
      118, 
      118, 
      118, 
      118, 
      117, 
      117, 
      117, 
      117, 
      117, 
      117, 
      117, 
      118, 
      118, 
      118, 
      119, 
      119, 
      119, 
      119, 
      119, 
      119, 
      120
    ]
  }, 
  "rate": 1.0, 
  "reason": "COB: 19, Dev: -3, BGI: 2.14, ISF: 95, Target: 100; Eventual BG 98 < 100, 30m@-0.900 = -0.450 < req -0.042105263157894736-0.33", 
  "COB": 19, 
  "eventualBG": 98, 
  "timestamp": "2017-06-06T00:14:54.363356", 
  "duration": 30, 
  "tick": "+3", 
  "IOB": 0.099
}