{
  "bg": 99, 
  "temp": "absolute", 
  "snoozeBG": 96, 
  "recieved": true, 
  "predBGs": {
    "IOB": [
      99, 
      96, 
      94, 
      92, 
      90, 
      89, 
      88, 
      87, 
      87, 
      87, 
      88, 
      89, 
      90, 
      91, 
      92, 
      94, 
      95, 
      96, 
      98, 
      99, 
      100, 
      102, 
      103, 
      104, 
      105, 
      106, 
      106, 
      107, 
      108, 
      109, 
      109, 
      109, 
      110, 
      110, 
      110, 
      111
    ]
  }, 
  "rate": 0.425, 
  "reason": "COB: 0, Dev: -15, BGI: -0.47, ISF: 95, Target: 100; Eventual BG 96 < 100, 30m@-0.600 = -0.300 < req -0.08421052631578947-0.18", 
  "COB": 0, 
  "eventualBG": 96, 
  "timestamp": "2017-06-15T05:15:42.108686", 
  "duration": 30, 
  "tick": "+3", 
  "IOB": -0.122
}