{
  "bg": 123, 
  "temp": "absolute", 
  "snoozeBG": 99, 
  "recieved": true, 
  "predBGs": {
    "IOB": [
      123, 
      120, 
      118, 
      116, 
      114, 
      112, 
      110, 
      108, 
      107, 
      106, 
      105, 
      105, 
      104, 
      104, 
      105, 
      105, 
      106, 
      106, 
      107, 
      108, 
      108, 
      109, 
      110, 
      111, 
      111, 
      112, 
      113, 
      114, 
      114, 
      115, 
      115, 
      116, 
      116, 
      117, 
      117, 
      117, 
      118
    ]
  }, 
  "rate": 0.55, 
  "reason": "COB: 0, Dev: -10, BGI: -1, ISF: 95, Target: 100; Eventual BG 99 < 100, 23m@-0.625 = -0.240 < req -0.021052631578947368-0.1875", 
  "COB": 0, 
  "eventualBG": 99, 
  "timestamp": "2017-07-05T09:59:03.294535", 
  "duration": 30, 
  "tick": -2, 
  "IOB": 0.147
}