{
  "bg": 109, 
  "temp": "absolute", 
  "snoozeBG": 97, 
  "recieved": true, 
  "predBGs": {
    "IOB": [
      109, 
      106, 
      104, 
      101, 
      99, 
      98, 
      96, 
      95, 
      95, 
      94, 
      94, 
      95, 
      96, 
      96, 
      97, 
      99, 
      100, 
      101, 
      103, 
      104, 
      105, 
      107, 
      108, 
      109, 
      110, 
      111, 
      112, 
      113, 
      114, 
      115, 
      115, 
      116, 
      117, 
      117, 
      117, 
      118
    ]
  }, 
  "rate": 0.55, 
  "reason": "COB: 0, Dev: -12, BGI: -0.81, ISF: 90, Target: 100; Eventual BG 97 < 100, 29m@-0.575 = -0.278 < req -0.06666666666666667-0.2025", 
  "COB": 0, 
  "eventualBG": 97, 
  "timestamp": "2017-09-02T07:17:26.869822", 
  "duration": 30, 
  "tick": -3, 
  "IOB": 0.002
}