{
  "bg": 112, 
  "temp": "absolute", 
  "snoozeBG": 99, 
  "recieved": true, 
  "predBGs": {
    "IOB": [
      112, 
      111, 
      110, 
      109, 
      107, 
      106, 
      105, 
      105, 
      104, 
      103, 
      103, 
      103, 
      103, 
      104, 
      104, 
      105, 
      106, 
      107, 
      108, 
      109, 
      110, 
      111, 
      112, 
      113, 
      115, 
      116, 
      117, 
      118, 
      119, 
      119, 
      120, 
      121, 
      121, 
      122, 
      122, 
      123
    ]
  }, 
  "rate": 0.55, 
  "reason": "COB: 0, Dev: -6, BGI: -0.24, ISF: 95, Target: 100; Eventual BG 99 < 100, 29m@-0.600 = -0.290 < req -0.021052631578947368-0.18", 
  "COB": 0, 
  "eventualBG": 99, 
  "timestamp": "2017-05-23T05:46:42.390673", 
  "duration": 30, 
  "tick": "+1", 
  "IOB": 0.076
}