{
  "bg": 82, 
  "temp": "absolute", 
  "snoozeBG": 94, 
  "recieved": true, 
  "predBGs": {
    "IOB": [
      82, 
      81, 
      81, 
      81, 
      81, 
      81, 
      82, 
      83, 
      84, 
      85, 
      86, 
      88, 
      90, 
      92, 
      93, 
      95, 
      97, 
      99, 
      101, 
      103, 
      104, 
      106, 
      108, 
      109, 
      110, 
      111, 
      112, 
      113, 
      114, 
      115, 
      116, 
      116, 
      117, 
      117, 
      118
    ]
  }, 
  "rate": 0.4, 
  "reason": "COB: 0, Dev: -12, BGI: 1.35, ISF: 90, Target: 100; Eventual BG 94 < 100, 30m@-0.675 = -0.338 < req -0.13333333333333333-0.2025", 
  "COB": 0, 
  "eventualBG": 94, 
  "timestamp": "2017-09-22T06:30:17.694254", 
  "duration": 30, 
  "tick": "+0", 
  "IOB": -0.267
}