{
  "bg": 83, 
  "temp": "absolute", 
  "snoozeBG": 99, 
  "recieved": true, 
  "predBGs": {
    "IOB": [
      83, 
      83, 
      83, 
      83, 
      83, 
      84, 
      84, 
      85, 
      87, 
      88, 
      90, 
      91, 
      93, 
      95, 
      97, 
      99, 
      101, 
      103, 
      105, 
      107, 
      109, 
      111, 
      112, 
      114, 
      115, 
      116, 
      117, 
      118, 
      119, 
      120, 
      121, 
      122, 
      122, 
      123, 
      123, 
      123, 
      123, 
      124
    ]
  }, 
  "rate": 0.65, 
  "reason": "COB: 0, Dev: -10, BGI: 1.13, ISF: 90, Target: 100; Eventual BG 99 < 100, 24m@-0.700 = -0.280 < req -0.022222222222222223-0.21", 
  "COB": 0, 
  "eventualBG": 99, 
  "timestamp": "2017-08-10T06:49:36.117623", 
  "duration": 30, 
  "tick": "+1", 
  "IOB": -0.286
}