{
  "bg": 89, 
  "temp": "absolute", 
  "snoozeBG": 98, 
  "recieved": true, 
  "predBGs": {
    "IOB": [
      89, 
      88, 
      87, 
      86, 
      86, 
      86, 
      86, 
      87, 
      87, 
      88, 
      89, 
      91, 
      92, 
      94, 
      96, 
      98, 
      99, 
      101, 
      103, 
      104, 
      106, 
      107, 
      109, 
      110, 
      111, 
      112, 
      113, 
      114, 
      115, 
      116, 
      116, 
      117, 
      117, 
      118, 
      118, 
      118, 
      119
    ]
  }, 
  "rate": 0.55, 
  "reason": "COB: 0, Dev: -10, BGI: 0.38, ISF: 95, Target: 100; Eventual BG 98 < 100, 23m@-0.625 = -0.240 < req -0.042105263157894736-0.1875", 
  "COB": 0, 
  "eventualBG": 98, 
  "timestamp": "2017-07-13T07:07:40.886173", 
  "duration": 30, 
  "tick": "+1", 
  "IOB": -0.202
}