{
  "bg": 96, 
  "temp": "absolute", 
  "snoozeBG": 96, 
  "recieved": true, 
  "predBGs": {
    "IOB": [
      96, 
      93, 
      90, 
      88, 
      86, 
      84, 
      83, 
      82, 
      82, 
      82, 
      83, 
      84, 
      86, 
      88, 
      90, 
      92, 
      94, 
      96, 
      98, 
      101, 
      103, 
      105, 
      107, 
      109, 
      111, 
      113, 
      115, 
      117, 
      118, 
      119, 
      120, 
      121, 
      122, 
      122, 
      123, 
      123, 
      123, 
      124
    ]
  }, 
  "rate": 0.5, 
  "reason": "COB: 0, Dev: -16, BGI: -0.4, ISF: 90, Target: 100; Eventual BG 96 < 100, 28m@-0.675 = -0.315 < req -0.08888888888888889-0.2025", 
  "COB": 0, 
  "eventualBG": 96, 
  "timestamp": "2017-10-08T07:35:30.074171", 
  "duration": 30, 
  "tick": "+0", 
  "IOB": -0.178
}