{
  "bg": 106, 
  "temp": "absolute", 
  "snoozeBG": 97, 
  "recieved": true, 
  "predBGs": {
    "IOB": [
      106, 
      102, 
      98, 
      95, 
      93, 
      91, 
      90, 
      89, 
      89, 
      89, 
      89, 
      90, 
      92, 
      93, 
      95, 
      97, 
      99, 
      101, 
      103, 
      105, 
      107, 
      109, 
      111, 
      112, 
      114, 
      115, 
      117, 
      118, 
      119, 
      120, 
      121, 
      122, 
      122, 
      123, 
      123, 
      124
    ]
  }, 
  "rate": 0.85, 
  "reason": "COB: 0, Dev: -13, BGI: -2.04, ISF: 95, Target: 100; Eventual BG 97 < 100, 22m@-0.975 = -0.357 < req -0.06315789473684211-0.2925", 
  "COB": 0, 
  "eventualBG": 97, 
  "timestamp": "2017-03-22T01:55:58.237894", 
  "duration": 30, 
  "tick": -2, 
  "IOB": -0.041
}