{
  "bg": 106, 
  "temp": "absolute", 
  "snoozeBG": 97, 
  "recieved": true, 
  "predBGs": {
    "IOB": [
      106, 
      106, 
      106, 
      106, 
      106, 
      107, 
      107, 
      107, 
      107, 
      108, 
      108, 
      108, 
      109, 
      110, 
      110, 
      111, 
      112, 
      113, 
      114, 
      115, 
      116, 
      117, 
      118, 
      119, 
      120, 
      120, 
      121, 
      122, 
      122, 
      123, 
      124, 
      124, 
      125, 
      125, 
      125, 
      126, 
      126, 
      126, 
      126, 
      126, 
      127
    ]
  }, 
  "rate": 0.55, 
  "reason": "COB: 0, Dev: -9, BGI: 1.26, ISF: 90, Target: 100; Eventual BG 97 < 100, 28m@-0.675 = -0.315 < req -0.06666666666666667-0.2025", 
  "COB": 0, 
  "eventualBG": 97, 
  "timestamp": "2017-09-21T04:32:18.668935", 
  "duration": 30, 
  "tick": "+2", 
  "IOB": 0
}