{
  "bg": 91, 
  "temp": "absolute", 
  "snoozeBG": 99, 
  "recieved": true, 
  "predBGs": {
    "IOB": [
      91, 
      89, 
      88, 
      86, 
      85, 
      85, 
      85, 
      85, 
      85, 
      85, 
      86, 
      88, 
      89, 
      91, 
      93, 
      95, 
      97, 
      99, 
      101, 
      103, 
      105, 
      106, 
      108, 
      109, 
      111, 
      112, 
      113, 
      114, 
      115, 
      115, 
      116, 
      117, 
      117, 
      118
    ]
  }, 
  "rate": 0.65, 
  "reason": "COB: 0, Dev: -15, BGI: 0.5, ISF: 90, Target: 100; Eventual BG 99 < 100, 20m@-0.700 = -0.233 < req -0.022222222222222223-0.21", 
  "COB": 0, 
  "eventualBG": 99, 
  "timestamp": "2017-09-07T06:25:27.568696", 
  "duration": 30, 
  "tick": -2, 
  "IOB": -0.25
}