{
  "bg": 100, 
  "temp": "absolute", 
  "snoozeBG": 99, 
  "recieved": true, 
  "predBGs": {
    "IOB": [
      100, 
      99, 
      98, 
      97, 
      96, 
      96, 
      96, 
      96, 
      96, 
      97, 
      97, 
      99, 
      100, 
      102, 
      103, 
      105, 
      107, 
      109, 
      111, 
      112, 
      114, 
      116, 
      117, 
      119, 
      120, 
      121, 
      122, 
      123, 
      124, 
      125, 
      126, 
      127, 
      127, 
      128, 
      128, 
      129
    ]
  }, 
  "rate": 0.65, 
  "reason": "COB: 0, Dev: -11, BGI: 0.39, ISF: 97, Target: 101; Eventual BG 99 < 101, 27m@-0.725 = -0.326 < req -0.0412796697626419-0.2175", 
  "COB": 0, 
  "eventualBG": 99, 
  "timestamp": "2017-05-31T03:03:01.960426", 
  "duration": 30, 
  "tick": "+1", 
  "IOB": -0.108
}