{
  "bg": 93, 
  "temp": "absolute", 
  "snoozeBG": 99, 
  "recieved": true, 
  "predBGs": {
    "IOB": [
      93, 
      93, 
      92, 
      92, 
      92, 
      92, 
      92, 
      92, 
      93, 
      93, 
      94, 
      95, 
      97, 
      98, 
      100, 
      101, 
      103, 
      104, 
      105, 
      107, 
      108, 
      109, 
      110, 
      111, 
      112, 
      113, 
      114, 
      115, 
      116, 
      117, 
      117, 
      118, 
      118, 
      119
    ]
  }, 
  "rate": 0.625, 
  "reason": "COB: 0, Dev: -11, BGI: 1.26, ISF: 90, Target: 100; Eventual BG 99 < 100, 22m@-0.625 = -0.229 < req -0.022222222222222223-0.2025", 
  "COB": 0, 
  "eventualBG": 99, 
  "timestamp": "2017-08-27T07:43:36.078085", 
  "duration": 30, 
  "tick": "+0", 
  "IOB": -0.189
}