{
  "bg": 111, 
  "temp": "absolute", 
  "snoozeBG": 97, 
  "recieved": true, 
  "predBGs": {
    "IOB": [
      111, 
      107, 
      103, 
      99, 
      96, 
      94, 
      92, 
      91, 
      90, 
      90, 
      91, 
      92, 
      94, 
      96, 
      98, 
      101, 
      103, 
      106, 
      108, 
      111, 
      113, 
      116, 
      118, 
      120, 
      122, 
      124, 
      126, 
      128, 
      129, 
      131, 
      132, 
      133, 
      134, 
      135, 
      136, 
      136, 
      137
    ]
  }, 
  "rate": 0.7, 
  "reason": "COB: 0, Dev: -22, BGI: -0.99, ISF: 99, Target: 102; Eventual BG 97 < 102, 26m@-0.925 = -0.401 < req -0.10101010101010101-0.2775", 
  "COB": 0, 
  "eventualBG": 97, 
  "timestamp": "2017-04-03T01:10:56.200692", 
  "duration": 30, 
  "tick": -1, 
  "IOB": -0.079
}