{
  "bg": 107, 
  "temp": "absolute", 
  "snoozeBG": 97, 
  "recieved": true, 
  "predBGs": {
    "IOB": [
      107, 
      104, 
      101, 
      99, 
      96, 
      94, 
      93, 
      92, 
      91, 
      90, 
      90, 
      91, 
      91, 
      92, 
      93, 
      95, 
      96, 
      98, 
      100, 
      102, 
      103, 
      105, 
      107, 
      108, 
      110, 
      111, 
      112, 
      113, 
      114, 
      115, 
      116, 
      117, 
      117, 
      118, 
      118, 
      119
    ]
  }, 
  "rate": 0.55, 
  "reason": "COB: 0, Dev: -8, BGI: -1.85, ISF: 90, Target: 100; Eventual BG 97 < 100, 24m@-0.675 = -0.270 < req -0.06666666666666667-0.2025", 
  "COB": 0, 
  "eventualBG": 97, 
  "timestamp": "2017-09-17T06:10:04.599510", 
  "duration": 30, 
  "tick": -1, 
  "IOB": 0.017
}