{
  "bg": 133, 
  "temp": "absolute", 
  "snoozeBG": 96, 
  "recieved": true, 
  "predBGs": {
    "IOB": [
      133, 
      125, 
      117, 
      110, 
      104, 
      98, 
      93, 
      89, 
      86, 
      84, 
      82, 
      82, 
      81, 
      82, 
      83, 
      85, 
      87, 
      89, 
      91, 
      94, 
      97, 
      100, 
      103, 
      106, 
      108, 
      111, 
      113, 
      115, 
      117, 
      119, 
      120, 
      122, 
      123, 
      123, 
      124, 
      125
    ]
  }, 
  "rate": 0.8, 
  "reason": "COB: 0, Dev: 1, BGI: -8.41, ISF: 95, Target: 100; Eventual BG 96 < 100, 26m@-0.975 = -0.422 < req -0.08421052631578947-0.2925", 
  "COB": 0, 
  "eventualBG": 96, 
  "timestamp": "2017-07-23T01:22:28.994172", 
  "duration": 30, 
  "tick": -3, 
  "IOB": 0.402
}