{
  "bg": 75, 
  "temp": "absolute", 
  "snoozeBG": 96, 
  "recieved": true, 
  "predBGs": {
    "IOB": [
      75, 
      75, 
      75, 
      76, 
      77, 
      78, 
      79, 
      81, 
      82, 
      85, 
      87, 
      90, 
      93, 
      96, 
      98, 
      101, 
      104, 
      106, 
      109, 
      111, 
      113, 
      115, 
      117, 
      119, 
      120, 
      122, 
      123, 
      124, 
      125, 
      126, 
      127, 
      127, 
      128, 
      129, 
      129, 
      129, 
      130
    ]
  }, 
  "rate": 0.55, 
  "reason": "COB: 0, Dev: -27, BGI: 4.28, ISF: 95, Target: 100; Eventual BG 96 < 100, 27m@-0.750 = -0.338 < req -0.08421052631578947-0.22499999999999998", 
  "COB": 0, 
  "eventualBG": 96, 
  "timestamp": "2017-06-23T02:19:39.532444", 
  "duration": 30, 
  "tick": "+1", 
  "IOB": -0.5
}