{
  "requested": {
    "duration": 30, 
    "rate": 0.575, 
    "temp": "absolute"
  }, 
  "bg": 111, 
  "temp": "absolute", 
  "snoozeBG": 99, 
  "timestamp": "2017-07-29T09:03:12.511597", 
  "predBGs": {
    "IOB": [
      111, 
      106, 
      102, 
      98, 
      95, 
      92, 
      90, 
      88, 
      87, 
      86, 
      86, 
      86, 
      86, 
      87, 
      88, 
      89, 
      91, 
      92, 
      93, 
      95, 
      96, 
      98, 
      99, 
      100, 
      102, 
      103, 
      104, 
      105, 
      105, 
      106, 
      107, 
      107, 
      108, 
      108, 
      109
    ]
  }, 
  "rate": 0.0, 
  "reason": "COB: 0, Dev: -6, BGI: -2.75, ISF: 95, Target: 100; Eventual BG 99 < 100, 23m@-0.625 = -0.240 < req -0.021052631578947368-0.1875", 
  "COB": 0, 
  "eventualBG": 99, 
  "recieved": false, 
  "duration": 22, 
  "tick": -5, 
  "IOB": 0.062
}