{
  "bg": 89, 
  "temp": "absolute", 
  "snoozeBG": 96, 
  "recieved": true, 
  "predBGs": {
    "IOB": [
      89, 
      88, 
      87, 
      86, 
      86, 
      86, 
      86, 
      86, 
      87, 
      88, 
      90, 
      92, 
      94, 
      96, 
      98, 
      100, 
      103, 
      105, 
      107, 
      109, 
      111, 
      113, 
      114, 
      116, 
      117, 
      118, 
      119, 
      120, 
      121, 
      122, 
      123, 
      124, 
      124, 
      125, 
      125, 
      126
    ]
  }, 
  "rate": 0.55, 
  "reason": "COB: 0, Dev: -18, BGI: 1.39, ISF: 90, Target: 100; Eventual BG 96 < 100, 27m@-0.750 = -0.338 < req -0.08888888888888889-0.22499999999999998", 
  "COB": 0, 
  "eventualBG": 96, 
  "timestamp": "2017-03-13T02:27:11.584571", 
  "duration": 30, 
  "tick": "+1", 
  "IOB": -0.28
}