{
  "bg": 80, 
  "temp": "absolute", 
  "snoozeBG": 96, 
  "recieved": true, 
  "predBGs": {
    "IOB": [
      80, 
      79, 
      78, 
      77, 
      77, 
      77, 
      77, 
      78, 
      79, 
      80, 
      81, 
      83, 
      85, 
      87, 
      90, 
      92, 
      94, 
      96, 
      99, 
      101, 
      103, 
      105, 
      107, 
      109, 
      110, 
      112, 
      113, 
      114, 
      115, 
      116, 
      117, 
      118, 
      119, 
      119, 
      120, 
      120, 
      120, 
      120, 
      120, 
      121
    ]
  }, 
  "rate": 0.525, 
  "reason": "COB: 0, Dev: -16, BGI: 1.35, ISF: 90, Target: 100; Eventual BG 96 < 100, 29m@-0.700 = -0.338 < req -0.08888888888888889-0.21", 
  "COB": 0, 
  "eventualBG": 96, 
  "timestamp": "2017-08-26T06:47:41.257830", 
  "duration": 30, 
  "tick": "+2", 
  "IOB": -0.351
}