{
  "bg": 75, 
  "temp": "absolute", 
  "snoozeBG": 98, 
  "recieved": true, 
  "predBGs": {
    "IOB": [
      75, 
      75, 
      75, 
      75, 
      76, 
      77, 
      78, 
      79, 
      81, 
      83, 
      85, 
      87, 
      90, 
      92, 
      95, 
      98, 
      100, 
      103, 
      105, 
      108, 
      110, 
      112, 
      114, 
      116, 
      117, 
      119, 
      120, 
      121, 
      123, 
      124, 
      125, 
      125, 
      126, 
      126, 
      127, 
      127, 
      128
    ]
  }, 
  "rate": 0.55, 
  "reason": "COB: 0, Dev: -15, BGI: 2.34, ISF: 90, Target: 100; Eventual BG 98 < 100, 27m@-0.675 = -0.304 < req -0.044444444444444446-0.2025", 
  "COB": 0, 
  "eventualBG": 98, 
  "timestamp": "2017-08-21T08:52:36.489327", 
  "duration": 30, 
  "tick": "+1", 
  "IOB": -0.42
}