{
  "bg": 90, 
  "temp": "absolute", 
  "snoozeBG": 97, 
  "recieved": true, 
  "predBGs": {
    "IOB": [
      90, 
      90, 
      91, 
      91, 
      92, 
      92, 
      93, 
      94, 
      95, 
      96, 
      98, 
      99, 
      101, 
      103, 
      104, 
      106, 
      108, 
      110, 
      111, 
      113, 
      115, 
      116, 
      118, 
      119, 
      121, 
      122, 
      123, 
      124, 
      125, 
      126, 
      127, 
      128, 
      128, 
      129, 
      129, 
      130
    ]
  }, 
  "rate": 0.4, 
  "reason": "COB: 0, Dev: -12, BGI: 2.1, ISF: 98, Target: 101; Eventual BG 97 < 101, 30m@-0.575 = -0.287 < req -0.08171603677221655-0.1725", 
  "COB": 0, 
  "eventualBG": 97, 
  "timestamp": "2017-06-04T05:06:00.624127", 
  "duration": 30, 
  "tick": "+2", 
  "IOB": -0.203
}